{"muedaily": 12.0398550, "usddaily": 0, "usdprice": 0, "btcprice": 0.00020000, "mncount": 139, "totalsupply": 10000000, "pricebtcusd": 10000}